ano,estado,cidade,zona,secao,cargo,candidato,partido,numero,votos
2024,SP,Campinas,101,0001,Prefeito,Ana Ribeiro,PFA,11,412
2024,SP,Campinas,101,0001,Prefeito,Bruno Tavares,PNB,22,388
2024,SP,Campinas,101,0001,Prefeito,Carla Mendes,PVC,33,157
2024,SP,Campinas,101,0002,Prefeito,Ana Ribeiro,PFA,11,365
2024,SP,Campinas,101,0002,Prefeito,Bruno Tavares,PNB,22,401
2024,SP,Campinas,101,0002,Prefeito,Carla Mendes,PVC,33,172
2024,SP,Santos,118,0001,Prefeito,Diego Farias,PFA,11,298
2024,SP,Santos,118,0001,Prefeito,Elisa Moura,PNB,22,341
2024,SP,Santos,118,0002,Prefeito,Diego Farias,PFA,11,315
2024,SP,Santos,118,0002,Prefeito,Elisa Moura,PNB,22,327
2024,PE,Recife,005,0001,Prefeito,Fabio Lins,PVC,33,520
2024,PE,Recife,005,0001,Prefeito,Gabriela Costa,PFA,11,476
2024,PE,Recife,005,0001,Prefeito,Henrique Paz,PNB,22,203
2024,PE,Recife,005,0002,Prefeito,Fabio Lins,PVC,33,488
2024,PE,Recife,005,0002,Prefeito,Gabriela Costa,PFA,11,502
2024,PE,Recife,005,0002,Prefeito,Henrique Paz,PNB,22,219
2024,PE,Olinda,012,0001,Prefeito,Iara Santos,PNB,22,267
2024,PE,Olinda,012,0001,Prefeito,Joao Batista,PVC,33,289
2024,PE,Olinda,012,0002,Prefeito,Iara Santos,PNB,22,301
2024,PE,Olinda,012,0002,Prefeito,Joao Batista,PVC,33,254
2024,MG,Uberlandia,277,0001,Prefeito,Karina Alves,PFA,11,433
2024,MG,Uberlandia,277,0001,Prefeito,Lucas Prado,PVC,33,398
2024,MG,Uberlandia,277,0002,Prefeito,Karina Alves,PFA,11,410
2024,MG,Uberlandia,277,0002,Prefeito,Lucas Prado,PVC,33,425
2024,SP,Campinas,101,0001,Vereador,Marcos Lima,PFA,11123,87
2024,SP,Campinas,101,0001,Vereador,Nadia Rocha,PNB,22456,64
2024,SP,Campinas,101,0002,Vereador,Marcos Lima,PFA,11123,92
2024,SP,Campinas,101,0002,Vereador,Nadia Rocha,PNB,22456,71
2024,PE,Recife,005,0001,Vereador,Otavio Reis,PVC,33789,110
2024,PE,Recife,005,0001,Vereador,Paula Nunes,PFA,11321,95
2024,PE,Recife,005,0002,Vereador,Otavio Reis,PVC,33789,102
2024,PE,Recife,005,0002,Vereador,Paula Nunes,PFA,11321,118
